"chrom","chromStart","chromEnd","name","ref","altCount","alts","shiftBases","freqSourceCount","minorAlleleFreq","majorAllele","minorAllele","maxFuncImpact","class","ucscNotes","_dataOffset","_dataLen"
"chr6_ssto_hap7","2682133","2682134","rs4143332","G","1","A,","0","12","0.0379393,-inf,0.0767234,-inf,0.0339636,0.087811,-inf,0.111384,-inf,-inf,0.0966667,-inf,","G,,G,,G,G,,G,,,G,,","A,,A,,A,A,,A,,,A,,","0","snv","commonSome,commonAll,","45727075707","414"
"chr6","128293561","128293562","rs55743914","C","1","T,","0","12","0.130391,-inf,0.181591,-inf,-inf,0.190701,-inf,0.260937,0.241827,0.243258,0.236667,0.0233645,","C,,C,,,C,,C,C,C,C,C,","T,,T,,,T,,T,T,T,T,T,","2152","snv","commonSome,commonAll,","50153211895","558"
"chr6","32671411","32671412","rs9275437","C","1","T,","0","12","0.0850639,-inf,0.0894256,-inf,0.106664,0.0866267,-inf,0.0790179,0.0983394,0.110841,0.153333,0.0280374,","C,,C,,C,C,,C,C,C,C,C,","T,,T,,T,T,,T,T,T,T,T,","0","snv","commonSome,commonAll,","65587868055","519"
"chr6_ssto_hap7","4036818","4036819","rs73405471","C","1","T,","0","12","0.104832,-inf,0.127532,-inf,-inf,-inf,-inf,-inf,-inf,-inf,0.05,0.0280374,","C,,C,,,,,,,,C,C,","T,,T,,,,,,,,T,T,","1986","snv","commonSome,commonAll,","54398265410","332"
"chr6_ssto_hap7","4039335","4039336","rs2187668","C","1","T,","0","12","0.0776757,-inf,-inf,-inf,0.0844453,-inf,-inf,-inf,0.13259,0.125405,0.103333,0.0896226,","C,,,,C,,,,C,C,C,C,","T,,,,T,,,,T,T,T,T,","1619","snv","commonSome,commonAll,overlapDiffClass,","43751523182","941"
"chr6_qbl_hap6","3859436","3859437","rs1049124","G","1","A,","0","12","0.0842652,-inf,-inf,-inf,-inf,0.0787193,-inf,0.0546875,-inf,-inf,0.03,-inf,","G,,,,,G,,G,,,G,,","A,,,,,A,,A,,,A,,","1624","snv","commonSome,commonAll,","4827739238","351"
"chr11_jh720443_fix","334593","334594","rs10892258","G","1","A,","0","12","0.186701,-inf,0.187635,-inf,-inf,0.196342,-inf,0.263393,0.218734,0.216828,0.266667,0.182243,","G,,G,,,G,,G,G,G,G,G,","A,,A,,,A,,A,A,A,A,A,","1619","snv","commonSome,commonAll,","5753321641","586"
"chr6_mcf_hap5","4008461","4008462","rs9275437","C","1","T,","0","12","0.0850639,-inf,0.0894256,-inf,0.106664,0.0866267,-inf,0.0790179,0.0983394,0.110841,0.153333,0.0280374,","C,,C,,C,C,,C,C,C,C,C,","T,,T,,T,T,,T,T,T,T,T,","0","snv","commonSome,commonAll,","65587868055","519"
"chr3","159623558","159623559","rs1353248","C","1","T,","0","12","0.294529,-inf,0.321619,-inf,-inf,0.328941,-inf,0.312054,0.292683,0.295038,0.325,0.236111,","C,,C,,,C,,C,C,C,C,C,","T,,T,,,T,,T,T,T,T,T,","0","snv","commonSome,commonAll,","25241070161","668"
"chr3","159674927","159674928","rs2561288","T","1","C,","0","12","0.482428,-inf,0.465859,-inf,-inf,0.471076,-inf,0.451116,0.46549,0.473571,0.485,0.15566,","T,,C,,,C,,C,C,C,C,T,","C,,T,,,T,,T,T,T,T,C,","1627","snv","refIsMinor,diffMajor,commonSome,commonAll,","43913872713","679"
"chr6_qbl_hap6","4306742","4306743","rs3128927","C","2","G,T,","0","12","0.365815,-inf,0.326707,-inf,0.359431,0.323544,-inf,0.229687,0.289829,0.268069,0.251667,0.366667,","C,,C,,C,C,,C,C,C,C,C,","T,,T,,T,T,,T,T,T,T,T,","0","snv","commonSome,commonAll,","44208574814","645"
"chr6_qbl_hap6","4312266","4312267","rs6937061","A","2","G,T,","0","12","0.0648962,-inf,0.0405995,-inf,0.0515427,0.0344037,-inf,0.0145089,0.0342501,0.0261597,0.03,0.0186916,","A,,A,,A,A,,A,A,A,A,A,","G,,G,,G,G,,G,G,G,G,G,","1986","snv","commonSome,commonAll,","53929479367","525"
"chr6_mann_hap4","4492135","4492136","rs2301226","A","1","G,","0","12","0.183506,-inf,0.159579,-inf,0.185858,0.151767,-inf,0.114286,0.1178,0.12945,0.113333,0.088785,","G,,G,,G,G,,G,G,G,G,G,","A,,A,,A,A,,A,A,A,A,A,","1627","snv","refIsMinor,commonSome,commonAll,","43808167972","632"
"chr4","123551113","123551114","rs13132308","A","1","G,","0","12","0.0597045,-inf,0.102415,-inf,-inf,0.103943,-inf,0.1375,0.167099,0.180151,0.205,-inf,","A,,A,,,A,,A,A,A,A,,","G,,G,,,G,,G,G,G,G,,","1627","snv","commonSome,commonAll,","21585209423","535"
"chr6_apd_hap1","4361051","4361052","rs3128927","C","2","G,T,","0","12","0.365815,-inf,0.326707,-inf,0.359431,0.323544,-inf,0.229687,0.289829,0.268069,0.251667,0.366667,","C,,C,,C,C,,C,C,C,C,C,","T,,T,,T,T,,T,T,T,T,T,","0","snv","commonSome,commonAll,","44208574814","645"
"chr6_apd_hap1","4366575","4366576","rs6937061","A","2","G,T,","0","12","0.0648962,-inf,0.0405995,-inf,0.0515427,0.0344037,-inf,0.0145089,0.0342501,0.0261597,0.03,0.0186916,","A,,A,,A,A,,A,A,A,A,A,","G,,G,,G,G,,G,G,G,G,G,","1986","snv","commonSome,commonAll,","53929479367","525"
"chr14","69259501","69259502","rs11851414","T","1","C,","0","12","0.203075,-inf,0.243159,-inf,-inf,0.24032,-inf,0.229018,0.215361,0.216559,0.161667,-inf,","T,,T,,,T,,T,T,T,T,,","C,,C,,,C,,C,C,C,C,,","1627","snv","commonSome,commonAll,","9751355780","565"
"chr6_ssto_hap7","4056464","4056465","rs1049124","G","1","A,","0","12","0.0842652,-inf,-inf,-inf,-inf,0.0787193,-inf,0.0546875,-inf,-inf,0.03,-inf,","G,,,,,G,,G,,,G,,","A,,,,,A,,A,,,A,,","1624","snv","commonSome,commonAll,","4827739238","351"
"chr11","118579864","118579865","rs10892258","G","1","A,","0","12","0.186701,-inf,0.187635,-inf,-inf,0.196342,-inf,0.263393,0.218734,0.216828,0.266667,0.182243,","G,,G,,,G,,G,G,G,G,G,","A,,A,,,A,,A,A,A,A,A,","1619","snv","commonSome,commonAll,","5753321641","586"
"chr6","159469573","159469574","rs182429","A","1","G,","0","12","0.466454,-inf,0.474205,-inf,-inf,0.497795,-inf,0.356473,0.433057,0.420442,0.486667,0.490566,","A,,A,,,G,,G,G,G,A,G,","G,,G,,,A,,A,A,A,G,A,","1619","snv","refIsMinor,diffMajor,commonSome,commonAll,","41440698332","659"
"chr2","182007799","182007800","rs1018326","T","1","C,","0","12","0.421126,-inf,0.477518,-inf,0.451282,0.47944,-inf,0.489286,0.433057,0.428533,0.436667,0.29717,","C,,T,,C,T,,C,T,T,C,C,","T,,C,,T,C,,T,C,C,T,T,","1627","snv","refIsMinor,diffMajor,commonSome,commonAll,","1823531858","678"
"chr22","21979288","21979289","rs4821124","T","1","C,","0","12","0.237819,-inf,0.190056,-inf,-inf,0.192337,-inf,0.172991,0.170991,0.189051,0.24,0.425234,","T,,T,,,T,,T,T,T,T,T,","C,,C,,,C,,C,C,C,C,C,","0","snv","commonSome,commonAll,","45948131808","593"
"chr6_cox_hap2","4478775","4478776","rs2301226","G","1","A,","0","12","0.183506,-inf,0.159579,-inf,0.185858,0.151767,-inf,0.114286,0.1178,0.12945,0.113333,0.088785,","G,,G,,G,G,,G,G,G,G,G,","A,,A,,A,A,,A,A,A,A,A,","1627","snv","commonSome,commonAll,","43808167972","632"
"chr6_mcf_hap5","4411105","4411106","rs3128927","C","2","G,T,","0","12","0.365815,-inf,0.326707,-inf,0.359431,0.323544,-inf,0.229687,0.289829,0.268069,0.251667,0.366667,","C,,C,,C,C,,C,C,C,C,C,","T,,T,,T,T,,T,T,T,T,T,","0","snv","commonSome,commonAll,","44208574814","645"
"chr6_mcf_hap5","4416629","4416630","rs6937061","A","2","G,T,","0","12","0.0648962,-inf,0.0405995,-inf,0.0515427,0.0344037,-inf,0.0145089,0.0342501,0.0261597,0.03,0.0186916,","A,,A,,A,A,,A,A,A,A,A,","G,,G,,G,G,,G,G,G,G,G,","1986","snv","commonSome,commonAll,","53929479367","525"
"chr6","33034595","33034596","rs2301226","G","1","A,","0","12","0.183506,-inf,0.159579,-inf,0.185858,0.151767,-inf,0.114286,0.1178,0.12945,0.113333,0.088785,","G,,G,,G,G,,G,G,G,G,G,","A,,A,,A,A,,A,A,A,A,A,","1627","snv","commonSome,commonAll,","43808167972","632"
"chr6","138005514","138005515","rs17264332","A","2","G,T,","0","12","0.0942492,-inf,0.153901,-inf,-inf,0.162234,-inf,0.202455,0.217177,0.221683,0.201667,-inf,","A,,A,,,A,,A,A,A,A,,","G,,G,,,G,,G,G,G,G,,","0","snv","commonSome,commonAll,","41062886442","518"
"chr6_ssto_hap7","4103570","4103571","rs9275437","T","1","C,","0","12","0.0850639,-inf,0.0894256,-inf,0.106664,0.0866267,-inf,0.0790179,0.0983394,0.110841,0.153333,0.0280374,","C,,C,,C,C,,C,C,C,C,C,","T,,T,,T,T,,T,T,T,T,T,","0","snv","refIsMinor,commonSome,commonAll,","65587868055","519"
"chr2","68645559","68645560","rs10167650","T","2","A,G,","0","12","0.447085,-inf,0.326102,-inf,-inf,-inf,-inf,0.240848,0.268552,0.256203,0.23,0.240566,","T,,T,,,,,T,T,T,T,G,","G,,G,,,,,G,G,G,G,T,","0","snv","refIsMinor,diffMajor,commonSome,commonAll,","1668159485","575"
"chr6_mcf_hap5","3944753","3944754","rs2187668","C","1","T,","0","12","0.0776757,-inf,-inf,-inf,0.0844453,-inf,-inf,-inf,0.13259,0.125405,0.103333,0.0896226,","C,,,,C,,,,C,C,C,C,","T,,,,T,,,,T,T,T,T,","1619","snv","commonSome,commonAll,overlapDiffClass,","43751523182","941"
"chr6_ssto_hap7","1165944","1165945","rs1611710","T","1","C,","0","12","0.476038,-inf,0.458931,-inf,0.483457,0.432245,-inf,0.378125,0.428905,0.434736,0.321667,0.429907,","C,,C,,C,C,,C,C,C,C,C,","T,,T,,T,T,,T,T,T,T,T,","0","snv","refIsMinor,commonSome,commonAll,","40915389374","705"
"chr6_qbl_hap6","1129270","1129271","rs1611710","C","1","T,","0","12","0.476038,-inf,0.458931,-inf,0.483457,0.432245,-inf,0.378125,0.428905,0.434736,0.321667,0.429907,","C,,C,,C,C,,C,C,C,C,C,","T,,T,,T,T,,T,T,T,T,T,","0","snv","commonSome,commonAll,","40915389374","705"
"chr6_dbb_hap3","4315934","4315935","rs2301226","G","1","A,","0","12","0.183506,-inf,0.159579,-inf,0.185858,0.151767,-inf,0.114286,0.1178,0.12945,0.113333,0.088785,","G,,G,,G,G,,G,G,G,G,G,","A,,A,,A,A,,A,A,A,A,A,","1627","snv","commonSome,commonAll,","43808167972","632"
"chr1","200881391","200881392","rs10800746","C","1","T,","0","12","0.338658,-inf,0.325186,-inf,-inf,0.312956,-inf,-inf,0.310586,0.306634,0.303333,0.207547,","C,,C,,,C,,,C,C,C,C,","T,,T,,,T,,,T,T,T,T,","2152","snv","commonSome,commonAll,","5708945589","613"
"chr6_mcf_hap5","3961887","3961888","rs1049124","G","1","A,","0","12","0.0842652,-inf,-inf,-inf,-inf,0.0787193,-inf,0.0546875,-inf,-inf,0.03,-inf,","G,,,,,G,,G,,,G,,","A,,,,,A,,A,,,A,,","1624","snv","commonSome,commonAll,","4827739238","351"
"chr6_qbl_hap6","4267046","4267047","rs2301226","A","1","G,","0","12","0.183506,-inf,0.159579,-inf,0.185858,0.151767,-inf,0.114286,0.1178,0.12945,0.113333,0.088785,","G,,G,,G,G,,G,G,G,G,G,","A,,A,,A,A,,A,A,A,A,A,","1627","snv","refIsMinor,commonSome,commonAll,","43808167972","632"
"chr6","31348364","31348365","rs4143332","G","1","A,","0","12","0.0379393,-inf,0.0767234,-inf,0.0339636,0.087811,-inf,0.111384,-inf,-inf,0.0966667,-inf,","G,,G,,G,G,,G,,,G,,","A,,A,,A,A,,A,,,A,,","0","snv","commonSome,commonAll,","45727075707","414"
"chr12","111884607","111884608","rs3184504","T","3","A,C,G,","0","12","0.147364,0.332609,0.311735,0.337451,0.160991,0.327447,0.365985,0.444643,0.450441,0.490561,0.431667,0,","C,C,C,C,C,C,C,C,C,C,C,C,","T,T,T,T,T,T,T,T,T,T,T,T,","1583","snv","refIsMinor,commonSome,rareSome,","44215677337","2138"
"chr6_qbl_hap6","3903506","3903507","rs9275437","C","1","T,","0","12","0.0850639,-inf,0.0894256,-inf,0.106664,0.0866267,-inf,0.0790179,0.0983394,0.110841,0.153333,0.0280374,","C,,C,,C,C,,C,C,C,C,C,","T,,T,,T,T,,T,T,T,T,T,","0","snv","commonSome,commonAll,","65587868055","519"
"chr6","32603373","32603374","rs73405471","C","1","T,","0","12","0.104832,-inf,0.127532,-inf,-inf,-inf,-inf,-inf,-inf,-inf,0.05,0.0280374,","C,,C,,,,,,,,C,C,","T,,T,,,,,,,,T,T,","1986","snv","commonSome,commonAll,","54398265410","332"
"chr1","172862983","172862984","rs11801183","C","1","T,","0","12","0.183906,-inf,0.194452,-inf,-inf,0.20014,-inf,0.19308,0.168915,0.166936,0.178333,0.0138889,","C,,C,,,C,,C,C,C,C,C,","T,,T,,,T,,T,T,T,T,T,","0","snv","commonSome,commonAll,","9263016360","597"
"chr6_qbl_hap6","3840206","3840207","rs73405471","C","1","T,","0","12","0.104832,-inf,0.127532,-inf,-inf,-inf,-inf,-inf,-inf,-inf,0.05,0.0280374,","C,,C,,,,,,,,C,C,","T,,T,,,,,,,,T,T,","1986","snv","commonSome,commonAll,","54398265410","332"
"chr15","75096442","75096443","rs1378938","T","2","A,C,","0","12","0.403355,-inf,0.36143,-inf,-inf,0.357763,-inf,0.339509,0.274001,0.25836,0.281667,0.342593,","C,,C,,,C,,C,C,C,C,C,","T,,T,,,T,,T,T,T,T,T,","0","snv","refIsMinor,commonSome,commonAll,","27548444613","712"
"chr6_qbl_hap6","3842735","3842736","rs2187668","T","1","C,","0","12","0.0776757,-inf,-inf,-inf,0.0844453,-inf,-inf,-inf,0.13259,0.125405,0.103333,0.0896226,","C,,,,C,,,,C,C,C,C,","T,,,,T,,,,T,T,T,T,","1619","snv","refIsMinor,commonSome,commonAll,","43751523182","941"
"chr6_ssto_hap7","4554765","4554766","rs3128927","C","2","G,T,","0","12","0.365815,-inf,0.326707,-inf,0.359431,0.323544,-inf,0.229687,0.289829,0.268069,0.251667,0.366667,","C,,C,,C,C,,C,C,C,C,C,","T,,T,,T,T,,T,T,T,T,T,","0","snv","commonSome,commonAll,","44208574814","645"
"chr6_mann_hap4","4531835","4531836","rs3128927","C","2","G,T,","0","12","0.365815,-inf,0.326707,-inf,0.359431,0.323544,-inf,0.229687,0.289829,0.268069,0.251667,0.366667,","C,,C,,C,C,,C,C,C,C,C,","T,,T,,T,T,,T,T,T,T,T,","0","snv","commonSome,commonAll,","44208574814","645"
"chr6_mann_hap4","4537359","4537360","rs6937061","A","2","G,T,","0","12","0.0648962,-inf,0.0405995,-inf,0.0515427,0.0344037,-inf,0.0145089,0.0342501,0.0261597,0.03,0.0186916,","A,,A,,A,A,,A,A,A,A,A,","G,,G,,G,G,,G,G,G,G,G,","1986","snv","commonSome,commonAll,","53929479367","525"
"chr6_dbb_hap3","3906349","3906350","rs1049124","G","1","A,","0","12","0.0842652,-inf,-inf,-inf,-inf,0.0787193,-inf,0.0546875,-inf,-inf,0.03,-inf,","G,,,,,G,,G,,,G,,","A,,,,,A,,A,,,A,,","1624","snv","commonSome,commonAll,","4827739238","351"
"chr3","188119900","188119901","rs2030519","G","1","A,","0","12","0.330072,-inf,0.393938,-inf,-inf,0.390814,-inf,0.472991,0.478983,0.484088,0.445,0.303738,","A,,A,,,A,,A,A,A,A,A,","G,,G,,,G,,G,G,G,G,G,","2153","snv","refIsMinor,commonSome,commonAll,","43674080619","663"
"chr6_ssto_hap7","4560289","4560290","rs6937061","A","2","G,T,","0","12","0.0648962,-inf,0.0405995,-inf,0.0515427,0.0344037,-inf,0.0145089,0.0342501,0.0261597,0.03,0.0186916,","A,,A,,A,A,,A,A,A,A,A,","G,,G,,G,G,,G,G,G,G,G,","1986","snv","commonSome,commonAll,","53929479367","525"
"chr6_dbb_hap3","1129514","1129515","rs1611710","C","1","T,","0","12","0.476038,-inf,0.458931,-inf,0.483457,0.432245,-inf,0.378125,0.428905,0.434736,0.321667,0.429907,","C,,C,,C,C,,C,C,C,C,C,","T,,T,,T,T,,T,T,T,T,T,","0","snv","commonSome,commonAll,","40915389374","705"
"chr3","119123277","119123278","rs61579022","G","1","A,","0","12","0.265974,-inf,0.300164,-inf,-inf,0.30069,-inf,0.349554,0.407369,0.399407,0.435,0.301887,","G,,G,,,G,,G,G,G,G,G,","A,,A,,,A,,A,A,A,A,A,","1627","snv","commonSome,commonAll,","53488788991","570"
"chr3","46205685","46205686","rs7616215","C","1","T,","0","12","0.347843,-inf,0.372101,-inf,0.345697,0.385228,-inf,0.430134,0.353399,0.36219,0.37,0.107477,","T,,T,,T,T,,T,T,T,T,T,","C,,C,,C,C,,C,C,C,C,C,","1627","snv","refIsMinor,commonSome,commonAll,","57253693041","716"
"chr6_mcf_hap5","4371468","4371469","rs2301226","G","1","A,","0","12","0.183506,-inf,0.159579,-inf,0.185858,0.151767,-inf,0.114286,0.1178,0.12945,0.113333,0.088785,","G,,G,,G,G,,G,G,G,G,G,","A,,A,,A,A,,A,A,A,A,A,","1627","snv","commonSome,commonAll,","43808167972","632"
"chr2","191913033","191913034","rs6715106","A","1","G,","0","12","0.0758786,-inf,0.0625159,-inf,-inf,0.0564902,-inf,0.0493304,0.04904,0.0520496,0.0466667,0.11215,","A,,A,,,A,,A,A,A,A,A,","G,,G,,,G,,G,G,G,G,G,","1627","snv","commonSome,commonAll,","53800330014","565"
"chr21","43855066","43855067","rs1893592","A","2","C,G,","0","12","0.211262,-inf,0.214561,0.260807,0.182767,0.235397,0.206751,0.304464,0.304878,0.289644,0.286667,0.355049,","A,,A,A,A,A,A,A,A,A,A,A,","C,,C,C,C,C,C,C,C,C,C,C,","1627","snv","commonSome,commonAll,","42627421031","828"
"chr1","2539399","2539400","rs4445406","T","1","C,","0","12","0.491014,-inf,0.411928,-inf,-inf,0.402927,-inf,0.340215,0.35314,0.354908,0.398333,0.449074,","T,,T,,,T,,T,T,T,T,T,","C,,C,,,C,,C,C,C,C,C,","2153","snv","commonSome,commonAll,","45799690962","603"
"chr6_mcf_hap5","3942236","3942237","rs73405471","C","1","T,","0","12","0.104832,-inf,0.127532,-inf,-inf,-inf,-inf,-inf,-inf,-inf,0.05,0.0280374,","C,,C,,,,,,,,C,C,","T,,T,,,,,,,,T,T,","1986","snv","commonSome,commonAll,","54398265410","332"
"chr6_mann_hap4","4059529","4059530","rs73405471","C","1","T,","0","12","0.104832,-inf,0.127532,-inf,-inf,-inf,-inf,-inf,-inf,-inf,0.05,0.0280374,","C,,C,,,,,,,,C,C,","T,,T,,,,,,,,T,T,","1986","snv","commonSome,commonAll,","54398265410","332"
"chr10","81058026","81058027","rs1250552","A","2","C,G,","0","12","0.384385,-inf,0.438806,-inf,0.383085,0.435103,-inf,0.499107,0.485989,0.456311,0.491667,-inf,","G,,G,,G,G,,G,A,A,A,,","A,,A,,A,A,,A,G,G,G,,","1627","snv","refIsMinor,diffMajor,commonSome,commonAll,overlapDiffClass,","15809137813","736"
"chr6_jh636057_fix","102700","102701","rs1611710","T","1","C,","0","12","0.476038,-inf,0.458931,-inf,0.483457,0.432245,-inf,0.378125,0.428905,0.434736,0.321667,0.429907,","C,,C,,C,C,,C,C,C,C,C,","T,,T,,T,T,,T,T,T,T,T,","0","snv","refIsMinor,commonSome,commonAll,","40915389374","705"
"chr18","12843136","12843137","rs11875687","T","1","C,","0","12","0.191494,-inf,0.171795,-inf,-inf,0.170688,-inf,0.148214,0.15672,0.166397,0.203333,0.235849,","T,,T,,,T,,T,T,T,T,T,","C,,C,,,C,,C,C,C,C,C,","2153","snv","commonSome,commonAll,","9977402055","615"
"chr6_dbb_hap3","3885096","3885097","rs73405471","C","1","T,","0","12","0.104832,-inf,0.127532,-inf,-inf,-inf,-inf,-inf,-inf,-inf,0.05,0.0280374,","C,,C,,,,,,,,C,C,","T,,T,,,,,,,,T,T,","1986","snv","commonSome,commonAll,","54398265410","332"
"chr6","33074287","33074288","rs3128927","C","2","G,T,","0","12","0.365815,-inf,0.326707,-inf,0.359431,0.323544,-inf,0.229687,0.289829,0.268069,0.251667,0.366667,","C,,C,,C,C,,C,C,C,C,C,","T,,T,,T,T,,T,T,T,T,T,","0","snv","commonSome,commonAll,","44208574814","645"
"chr6","33079811","33079812","rs6937061","A","2","G,T,","0","12","0.0648962,-inf,0.0405995,-inf,0.0515427,0.0344037,-inf,0.0145089,0.0342501,0.0261597,0.03,0.0186916,","A,,A,,A,A,,A,A,A,A,A,","G,,G,,G,G,,G,G,G,G,G,","1986","snv","commonSome,commonAll,","53929479367","525"
"chr2","204610395","204610396","rs1980422","C","2","A,T,","0","12","0.171526,-inf,0.222764,-inf,0.191357,0.214864,-inf,0.196429,0.229632,0.24137,0.206667,0.116822,","T,,T,,T,T,,T,T,T,T,T,","C,,C,,C,C,,C,C,C,C,C,","0","snv","refIsMinor,commonSome,commonAll,","43325603938","904"
"chr6_qbl_hap6","2641875","2641876","rs4143332","G","1","A,","0","12","0.0379393,-inf,0.0767234,-inf,0.0339636,0.087811,-inf,0.111384,-inf,-inf,0.0966667,-inf,","G,,G,,G,G,,G,,,G,,","A,,A,,A,A,,A,,,A,,","0","snv","commonSome,commonAll,","45727075707","414"
"chr6_cox_hap2","4117052","4117053","rs9275437","C","1","T,","0","12","0.0850639,-inf,0.0894256,-inf,0.106664,0.0866267,-inf,0.0790179,0.0983394,0.110841,0.153333,0.0280374,","C,,C,,C,C,,C,C,C,C,C,","T,,T,,T,T,,T,T,T,T,T,","0","snv","commonSome,commonAll,","65587868055","519"
"chr16","10964117","10964118","rs6498114","G","1","T,","0","12","0.277157,-inf,0.224954,-inf,-inf,0.237124,-inf,0.290179,0.247535,0.245415,0.185,-inf,","T,,T,,,T,,T,T,T,T,,","G,,G,,,G,,G,G,G,G,,","2153","snv","refIsMinor,commonSome,commonAll,","53696061221","672"
"chr11","111196857","111196858","rs7104791","T","2","A,C,","0","12","0.366414,-inf,0.259198,-inf,0.291685,-inf,-inf,0.249107,0.218734,0.209817,0.201667,0.378505,","C,,C,,C,,,C,C,C,C,T,","T,,T,,T,,,T,T,T,T,C,","0","snv","refIsMinor,diffMajor,commonSome,commonAll,","54010841964","696"
"chr2","61186828","61186829","rs13003464","A","1","G,","0","12","0.397764,-inf,0.490037,-inf,0.494066,0.48462,-inf,0.356027,0.383238,0.380798,0.361667,0.037037,","A,,A,,G,A,,A,A,A,A,A,","G,,G,,A,G,,G,G,G,G,G,","1627","snv","refIsMinor,diffMajor,commonSome,commonAll,","20400912524","739"
"chr6_mann_hap4","2694814","2694815","rs4143332","G","1","A,","0","12","0.0379393,-inf,0.0767234,-inf,0.0339636,0.087811,-inf,0.111384,-inf,-inf,0.0966667,-inf,","G,,G,,G,G,,G,,,G,,","A,,A,,A,A,,A,,,A,,","0","snv","commonSome,commonAll,","45727075707","414"
"chr11","128391936","128391937","rs61907765","C","2","G,T,","0","12","0.0900559,0.174529,0.144925,0.170773,-inf,0.158642,0.15651,0.228795,0.204203,0.217907,0.246667,-inf,","C,C,C,C,,C,C,C,C,C,C,,","T,T,T,T,,T,T,T,T,T,T,,","1623","snv","commonSome,commonAll,","53527698306","597"
"chr6","408078","408079","rs1050976","C","1","T,","0","12","0.313299,-inf,0.361342,-inf,-inf,0.369526,-inf,0.459152,0.487286,0.462783,0.431667,0.32243,","C,,C,,,C,,C,T,T,C,C,","T,,T,,,T,,T,C,C,T,T,","1624","snv","refIsMinor,diffMajor,commonSome,commonAll,","5013183297","648"
"chr6_mann_hap4","4129074","4129075","rs9275437","C","1","T,","0","12","0.0850639,-inf,0.0894256,-inf,0.106664,0.0866267,-inf,0.0790179,0.0983394,0.110841,0.153333,0.0280374,","C,,C,,C,C,,C,C,C,C,C,","T,,T,,T,T,,T,T,T,T,T,","0","snv","commonSome,commonAll,","65587868055","519"
"chr6_cox_hap2","2861034","2861035","rs4143332","A","1","G,","0","12","0.0379393,-inf,0.0767234,-inf,0.0339636,0.087811,-inf,0.111384,-inf,-inf,0.0966667,-inf,","G,,G,,G,G,,G,,,G,,","A,,A,,A,A,,A,,,A,,","0","snv","refIsMinor,commonSome,commonAll,","45727075707","414"
"chr6_mann_hap4","4062043","4062044","rs2187668","C","1","T,","0","12","0.0776757,-inf,-inf,-inf,0.0844453,-inf,-inf,-inf,0.13259,0.125405,0.103333,0.0896226,","C,,,,C,,,,C,C,C,C,","T,,,,T,,,,T,T,T,T,","1619","snv","commonSome,commonAll,overlapDiffClass,","43751523182","941"
"chr6","32627712","32627713","rs1049124","G","1","A,","0","12","0.0842652,-inf,-inf,-inf,-inf,0.0787193,-inf,0.0546875,-inf,-inf,0.03,-inf,","G,,,,,G,,G,,,G,,","A,,,,,A,,A,,,A,,","1624","snv","commonSome,commonAll,","4827739238","351"
"chr2","103086769","103086770","rs990171","A","1","C,","0","12","0.305911,-inf,0.228123,-inf,-inf,0.207485,-inf,0.249554,0.239751,0.226537,0.196667,0.481132,","C,,C,,,C,,C,C,C,C,A,","A,,A,,,A,,A,A,A,A,C,","0","snv","refIsMinor,diffMajor,commonSome,commonAll,","71691556000","649"
"chr1","172681030","172681031","rs12068671","T","1","C,","0","12","0.202875,-inf,0.226857,-inf,-inf,0.217537,-inf,0.124554,0.174105,0.170442,0.17,-inf,","T,,T,,,T,,T,T,T,T,,","C,,C,,,C,,C,C,C,C,,","0","snv","commonSome,commonAll,","11768951240","514"
"chr6_ssto_hap7","4515099","4515100","rs2301226","G","1","A,","0","12","0.183506,-inf,0.159579,-inf,0.185858,0.151767,-inf,0.114286,0.1178,0.12945,0.113333,0.088785,","G,,G,,G,G,,G,G,G,G,G,","A,,A,,A,A,,A,A,A,A,A,","1627","snv","commonSome,commonAll,","43808167972","632"
"chr6","29828915","29828916","rs1611710","C","1","T,","0","12","0.476038,-inf,0.458931,-inf,0.483457,0.432245,-inf,0.378125,0.428905,0.434736,0.321667,0.429907,","C,,C,,C,C,,C,C,C,C,C,","T,,T,,T,T,,T,T,T,T,T,","0","snv","commonSome,commonAll,","40915389374","705"
"chr6_dbb_hap3","3887610","3887611","rs2187668","C","1","T,","0","12","0.0776757,-inf,-inf,-inf,0.0844453,-inf,-inf,-inf,0.13259,0.125405,0.103333,0.0896226,","C,,,,C,,,,C,C,C,C,","T,,,,T,,,,T,T,T,T,","1619","snv","commonSome,commonAll,overlapDiffClass,","43751523182","941"
"chr6_cox_hap2","4518390","4518391","rs3128927","T","2","C,G,","0","12","0.365815,-inf,0.326707,-inf,0.359431,0.323544,-inf,0.229687,0.289829,0.268069,0.251667,0.366667,","C,,C,,C,C,,C,C,C,C,C,","T,,T,,T,T,,T,T,T,T,T,","0","snv","refIsMinor,commonSome,commonAll,","44208574814","645"
"chr6_cox_hap2","4523911","4523912","rs6937061","A","2","G,T,","0","12","0.0648962,-inf,0.0405995,-inf,0.0515427,0.0344037,-inf,0.0145089,0.0342501,0.0261597,0.03,0.0186916,","A,,A,,A,A,,A,A,A,A,A,","G,,G,,G,G,,G,G,G,G,G,","1986","snv","commonSome,commonAll,","53929479367","525"
"chr6_apd_hap1","4321414","4321415","rs2301226","G","1","A,","0","12","0.183506,-inf,0.159579,-inf,0.185858,0.151767,-inf,0.114286,0.1178,0.12945,0.113333,0.088785,","G,,G,,G,G,,G,G,G,G,G,","A,,A,,A,A,,A,A,A,A,A,","1627","snv","commonSome,commonAll,","43808167972","632"
"chr6_mann_hap4","1128875","1128876","rs1611710","C","1","T,","0","12","0.476038,-inf,0.458931,-inf,0.483457,0.432245,-inf,0.378125,0.428905,0.434736,0.321667,0.429907,","C,,C,,C,C,,C,C,C,C,C,","T,,T,,T,T,,T,T,T,T,T,","0","snv","commonSome,commonAll,","40915389374","705"
"chr10","6390449","6390450","rs947474","G","1","A,","0","12","0.186102,-inf,0.212976,-inf,0.217248,0.214851,-inf,0.181473,0.188635,0.174218,0.145,0.117925,","A,,A,,A,A,,A,A,A,A,A,","G,,G,,G,G,,G,G,G,G,G,","1986","snv","refIsMinor,commonSome,commonAll,","67535149659","844"
"chr6","32605883","32605884","rs2187668","C","1","T,","0","12","0.0776757,-inf,-inf,-inf,0.0844453,-inf,-inf,-inf,0.13259,0.125405,0.103333,0.0896226,","C,,,,C,,,,C,C,C,C,","T,,,,T,,,,T,T,T,T,","1619","snv","commonSome,commonAll,overlapDiffClass,","43751523182","941"
"chr6_mcf_hap5","1129154","1129155","rs1611710","C","1","T,","0","12","0.476038,-inf,0.458931,-inf,0.483457,0.432245,-inf,0.378125,0.428905,0.434736,0.321667,0.429907,","C,,C,,C,C,,C,C,C,C,C,","T,,T,,T,T,,T,T,T,T,T,","0","snv","commonSome,commonAll,","40915389374","705"
"chr6_cox_hap2","4053747","4053748","rs73405471","C","1","T,","0","12","0.104832,-inf,0.127532,-inf,-inf,-inf,-inf,-inf,-inf,-inf,0.05,0.0280374,","C,,C,,,,,,,,C,C,","T,,T,,,,,,,,T,T,","1986","snv","commonSome,commonAll,","54398265410","332"
"chr6_cox_hap2","4056276","4056277","rs2187668","T","1","C,","0","12","0.0776757,-inf,-inf,-inf,0.0844453,-inf,-inf,-inf,0.13259,0.125405,0.103333,0.0896226,","C,,,,C,,,,C,C,C,C,","T,,,,T,,,,T,T,T,T,","1619","snv","refIsMinor,commonSome,commonAll,","43751523182","941"
"chr6_dbb_hap3","3953826","3953827","rs9275437","C","1","T,","0","12","0.0850639,-inf,0.0894256,-inf,0.106664,0.0866267,-inf,0.0790179,0.0983394,0.110841,0.153333,0.0280374,","C,,C,,C,C,,C,C,C,C,C,","T,,T,,T,T,,T,T,T,T,T,","0","snv","commonSome,commonAll,","65587868055","519"
"chr6_cox_hap2","4072982","4072983","rs1049124","G","1","A,","0","12","0.0842652,-inf,-inf,-inf,-inf,0.0787193,-inf,0.0546875,-inf,-inf,0.03,-inf,","G,,,,,G,,G,,,G,,","A,,,,,A,,A,,,A,,","1624","snv","commonSome,commonAll,","4827739238","351"
"chr6_mann_hap4","4083005","4083006","rs1049124","A","1","G,","0","12","0.0842652,-inf,-inf,-inf,-inf,0.0787193,-inf,0.0546875,-inf,-inf,0.03,-inf,","G,,,,,G,,G,,,G,,","A,,,,,A,,A,,,A,,","1624","snv","refIsMinor,commonSome,commonAll,","4827739238","351"
"chr6_cox_hap2","1348297","1348298","rs1611710","T","1","C,","0","12","0.476038,-inf,0.458931,-inf,0.483457,0.432245,-inf,0.378125,0.428905,0.434736,0.321667,0.429907,","C,,C,,C,C,,C,C,C,C,C,","T,,T,,T,T,,T,T,T,T,T,","0","snv","refIsMinor,commonSome,commonAll,","40915389374","705"
"chr1","192541020","192541021","rs1323292","G","1","A,","0","12","0.129792,-inf,0.145746,-inf,0.131608,0.141318,-inf,0.172545,0.180332,0.17233,0.171667,0.169811,","A,,A,,A,A,,A,A,A,A,A,","G,,G,,G,G,,G,G,G,G,G,","1627","snv","refIsMinor,commonSome,commonAll,overlapDiffClass,","22510213848","780"
