Variant (Sharp 2019),Variant (Sharp 2022),Replaced_Variant,GRS Component (Sharp 2019),GRS Component (Sharp 2022),Putative Gene (Sharp 2019)
rs4143332,rs4143332,No,Non-HLA-DQ,HLA,HLA-B*0801
rs3128927,rs3128927,No,Non-HLA-DQ,HLA,HLA-DP Intergenic
rs2301226,rs2301226,No,Non-HLA-DQ,HLA,HLA-DP Intergenic
rs6937061,rs6937061,No,Non-HLA-DQ,HLA,HLA-DP Intergenic
rs1611710,rs1611710,No,Non-HLA-DQ,HLA,HLA-F
rs13132308,rs13132308,No,Non-HLA-DQ,Non-HLA,IL2
rs2030519,rs2030519,No,Non-HLA-DQ,Non-HLA,LPP
rs1359062,rs1323292,Yes,Non-HLA-DQ,Non-HLA,RGS1
rs17264332,rs17264332,No,Non-HLA-DQ,Non-HLA,TNFAIP3
rs6715106,rs6715106,No,Non-HLA-DQ,Non-HLA,STAT4
rs55743914,rs55743914,No,Non-HLA-DQ,Non-HLA,PTPRK
rs990171,rs990171,No,Non-HLA-DQ,Non-HLA,IL18RAP
rs1980422,rs1980422,No,Non-HLA-DQ,Non-HLA,ICOS
rs3184504,rs3184504,No,Non-HLA-DQ,Non-HLA,SH2B3
rs61907765,rs61907765,No,Non-HLA-DQ,Non-HLA,ETS1
rs13003464,rs13003464,No,Non-HLA-DQ,Non-HLA,REL
rs11875687,rs11875687,No,Non-HLA-DQ,Non-HLA,PTPN2
rs12068671,rs12068671,No,Non-HLA-DQ,Non-HLA,FASLG
rs1250552,rs1250552,No,Non-HLA-DQ,Non-HLA,ZMIZ1
rs10892258,rs10892258,No,Non-HLA-DQ,Non-HLA,DDX6
rs1018326,rs1018326,No,Non-HLA-DQ,Non-HLA,UBE2E3
rs182429,rs182429,No,Non-HLA-DQ,Non-HLA,TAGAP
rs7104791,rs7104791,No,Non-HLA-DQ,Non-HLA,POU2AF1
rs4821124,rs4821124,No,Non-HLA-DQ,Non-HLA,UBE2L3
rs4445406,rs4445406,No,Non-HLA-DQ,Non-HLA,MMEL1
rs12142280,rs11801183,Yes,Non-HLA-DQ,Non-HLA,FASLG
rs6498114,rs6498114,No,Non-HLA-DQ,Non-HLA,CIITA
rs1353248,rs1353248,No,Non-HLA-DQ,Non-HLA,IL12A
rs2387397,rs947474,Yes,Non-HLA-DQ,Non-HLA,PRKCQ
rs1893592,rs1893592,No,Non-HLA-DQ,Non-HLA,UBASH3A
rs11851414,rs11851414,No,Non-HLA-DQ,Non-HLA,ZFP36L1
rs1378938,rs1378938,No,Non-HLA-DQ,Non-HLA,CSK
rs10800746,rs10800746,No,Non-HLA-DQ,Non-HLA,C1orf106
rs1050976,rs1050976,No,Non-HLA-DQ,Non-HLA,IRF4
rs7616215,rs7616215,No,Non-HLA-DQ,Non-HLA,CCR3
rs2561288,rs2561288,No,Non-HLA-DQ,Non-HLA,IL12A
rs61579022,rs61579022,No,Non-HLA-DQ,Non-HLA,ARHGAP31
rs10167650,rs10167650,No,Non-HLA-DQ,Non-HLA,PLEK
